label,common_name,scientific_name,family,order,trophic_level,trophic_niche,primary_lifestyle,habitat_density,migration,mass,hand_wing_index,diet_inv,diet_5cat,mass_et,foraging_guild_cornell,nesting_guild_cornell,nesting_guild_cornell_ps,conservation_cornell,association_phalan,home_range_radius_m,group_all,group_nest,group_nest_ps,group_diet,group_forage_behavior,group_forage_substrate,group_migrant,group_habitat,group_wadnr_concern,group_status,predicted,lower,upper,group_size
corvus brachyrhynchos_american crow,american crow,corvus brachyrhynchos,Corvidae,Passeriformes,Omnivore,Omnivore,Terrestrial,2,2,448.8,36.5,20,Omnivore,448.76,ground forager,tree,tree,lc,NA,1204.0766057013282,all,tree,tree,omnivore,terrestrial,ground forager,partial migrant,NA,TODO,lc,1204.0766057013282,718.8889388072947,2016.7238555688293,large
cinclus mexicanus_american dipper,american dipper,cinclus mexicanus,Cinclidae,Passeriformes,Carnivore,Aquatic predator,Generalist,3,1,56.7,26.5,80,Invertebrate,56.68,surface dive,cliff,cliff,lc,NA,338.0518222257148,all,other,cliff,aquatic predator,generalist,aquatic forager,resident,NA,TODO,lc,338.0518222257148,235.84911211464484,484.5429922779439,medium
spinus tristis_american goldfinch,american goldfinch,spinus tristis,Fringillidae,Passeriformes,Herbivore,Granivore,Insessorial,1,1,12.8,27.6,10,PlantSeed,12.79,foliage gleaner,shrub,shrub,lc,NA,442,all,shrub,shrub,granivore,insessorial,foliage gleaner,resident,NA,TODO,lc,NA,NA,NA,medium
falco sparverius_american kestrel,american kestrel,falco sparverius,Falconidae,Falconiformes,Carnivore,Omnivore,Insessorial,3,3,114.6,43.7,60,Invertebrate,114.61,aerial dive,cavity,cavity_secondary,lc,NA,520.7462739663044,all,cavity,cavity_s,omnivore,insessorial,aerial forager,migrant,NA,TODO,lc,520.7462739663044,358.6632767000744,756.0759616785521,medium
turdus migratorius_american robin,american robin,turdus migratorius,Turdidae,Passeriformes,Omnivore,Invertivore,Generalist,3,3,78.5,29,50,Omnivore,78.5,ground forager,tree,tree,lc,NA,402,all,tree,tree,invertivore,generalist,ground forager,migrant,NA,TODO,lc,NA,NA,NA,medium
calypte anna_anna's hummingbird,anna's hummingbird,calypte anna,Trochilidae,Caprimulgiformes,Herbivore,Nectarivore,Aerial,2,2,4.2,65.6,10,FruiNect,4.24,hovering,tree,tree,lc,NA,68.38254824050159,all,tree,tree,nectarivore,aerial,aerial forager,partial migrant,NA,TODO,lc,68.38254824050159,35.60754126519621,131.32535237514827,very small
haliaeetus leucocephalus_bald eagle,bald eagle,haliaeetus leucocephalus,Accipitridae,Accipitriformes,Carnivore,Omnivore,Generalist,3,3,4700.6,41.4,0,VertFishScav,4700.58,soaring,tree,tree,lc,NA,6437,all,tree,tree,omnivore,generalist,aerial forager,migrant,NA,TODO,lc,NA,NA,NA,large
patagioenas fasciata_band-tailed pigeon,band-tailed pigeon,patagioenas fasciata,Columbidae,Columbiformes,Herbivore,Granivore,Terrestrial,2,1,366.3,36,0,PlantSeed,366.3,foliage gleaner,tree,tree,lc,NA,1062.8904816671773,all,tree,tree,granivore,terrestrial,foliage gleaner,resident,NA,TODO,lc,1062.8904816671773,652.5312501905729,1731.3135205229526,large
tyto alba_barn owl,barn owl,tyto alba,Tytonidae,Strigiformes,Carnivore,Vertivore,Insessorial,3,1,403.3,40.6,10,VertFishScav,403.32,aerial dive,building,building,lc,NA,1127.583887075778,all,other,other,vertivore,insessorial,aerial forager,resident,NA,TODO,lc,1127.583887075778,683.3050022916457,1860.7289835853526,large
hirundo rustica_barn swallow,barn swallow,hirundo rustica,Hirundinidae,Passeriformes,Carnivore,Invertivore,Aerial,3,3,17.9,52.6,80,Invertebrate,17.91,aerial forager,cliff,cliff,lc,NA,166.54410139528645,all,other,cliff,invertivore,aerial,aerial forager,migrant,NA,TODO,lc,166.54410139528645,106.90684362989651,259.4495989946785,small
strix varia_barred owl,barred owl,strix varia,Strigidae,Strigiformes,Carnivore,Vertivore,Insessorial,2,1,711.5,29.6,10,VertFishScav,711.49,aerial dive,tree,tree,lc,NA,980,all,tree,tree,vertivore,insessorial,aerial forager,resident,NA,TODO,lc,NA,NA,NA,large
megaceryle alcyon_belted kingfisher,belted kingfisher,megaceryle alcyon,Alcedinidae,Coraciiformes,Carnivore,Aquatic predator,Insessorial,3,2,148,33.6,10,VertFishScav,148,aerial dive,burrow,burrow,lc,NA,609.2966541530608,all,other,burrow,aquatic predator,insessorial,aerial forager,partial migrant,NA,TODO,lc,609.2966541530608,412.6291550348834,899.6999078524394,large
thryomanes bewickii_bewick's wren,bewick's wren,thryomanes bewickii,Troglodytidae,Passeriformes,Carnivore,Invertivore,Generalist,2,2,9.9,13.8,80,Invertebrate,9.9,foliage gleaner,cavity,cavity_secondary,lc,NA,115.76959941860744,all,cavity,cavity_s,invertivore,generalist,foliage gleaner,partial migrant,NA,TODO,lc,115.76959941860744,68.81010306583424,194.77663238960508,very small
cypseloides niger_black swift,black swift,cypseloides niger,Apodidae,Caprimulgiformes,Carnivore,Invertivore,Aerial,1,2,39.7,73,100,Invertebrate,39.67,NA,NA,NA,NA,NA,271.60569055880705,all,other,other,invertivore,aerial,NA,partial migrant,NA,TODO,NA,271.60569055880705,186.98615214493566,394.51932829093437,medium
poecile atricapillus_black-capped chickadee,black-capped chickadee,poecile atricapillus,Paridae,Passeriformes,Omnivore,Invertivore,Insessorial,1,1,10.8,18.6,60,Invertebrate,10.8,foliage gleaner,cavity,cavity_primary,lc,NA,122.12290985372323,all,cavity,cavity_p,invertivore,insessorial,foliage gleaner,resident,NA,TODO,lc,122.12290985372323,73.48013206,202.96649846468873,very small
pheucticus melanocephalus_black-headed grosbeak,black-headed grosbeak,pheucticus melanocephalus,Cardinalidae,Passeriformes,Carnivore,Invertivore,Insessorial,2,3,47.1,24.2,70,Invertebrate,47.13,foliage gleaner,tree,tree,lc,NA,75,all,tree,tree,invertivore,insessorial,foliage gleaner,migrant,NA,TODO,lc,NA,NA,NA,very small
setophaga nigrescens_black-throated gray warbler,black-throated gray warbler,setophaga nigrescens,Parulidae,Passeriformes,Carnivore,Invertivore,Insessorial,1,3,8.7,23.4,100,Invertebrate,8.7,foliage gleaner,tree,tree,lc,early seral,106.9396340195987,all,tree,tree,invertivore,insessorial,foliage gleaner,migrant,early seral,TODO,lc,106.9396340195987,62.38682686993814,183.30929617701602,very small
certhia americana_brown creeper,brown creeper,certhia americana,Certhiidae,Passeriformes,Carnivore,Invertivore,Insessorial,1,1,8.1,24.1,70,Invertebrate,NA,bark forager,tree,tree,lc,old forest,102.34893199808825,all,tree,tree,invertivore,insessorial,bark forager,resident,old forest,TODO,lc,102.34893199808825,59.082122309673316,177.30073788216313,very small
molothrus ater_brown-headed cowbird,brown-headed cowbird,molothrus ater,Icteridae,Passeriformes,Carnivore,Invertivore,Terrestrial,2,3,40.3,33,40,PlantSeed,40.26,ground forager,tree,tree,lc,NA,274.1188286414619,all,tree,tree,invertivore,terrestrial,ground forager,migrant,NA,TODO,lc,274.1188286414619,188.87017996589216,397.84539957200656,medium
perisoreus canadensis_canada jay,canada jay,perisoreus canadensis,Corvidae,Passeriformes,Omnivore,Omnivore,Insessorial,1,1,71.6,18.1,40,Omnivore,71.58,ground forager,tree,tree,lc,NA,556,all,tree,tree,omnivore,insessorial,ground forager,resident,NA,TODO,lc,NA,NA,NA,medium
vireo cassinii_cassin's vireo,cassin's vireo,vireo cassinii,Vireonidae,Passeriformes,Carnivore,Invertivore,Insessorial,2,3,14.7,27.9,70,Invertebrate,NA,foliage gleaner,tree,tree,lc,NA,147.5738302,all,tree,tree,invertivore,insessorial,foliage gleaner,migrant,NA,TODO,lc,147.5738302,92.50235346,235.4322300311011,small
bombycilla cedrorum_cedar waxwing,cedar waxwing,bombycilla cedrorum,Bombycillidae,Passeriformes,Herbivore,Frugivore,Insessorial,2,3,31.6,35.1,20,FruiNect,31.58,foliage gleaner,tree,tree,lc,NA,236.09577577996922,all,tree,tree,frugivore,insessorial,foliage gleaner,migrant,NA,TODO,lc,236.09577577996922,160.12828285411717,348.10349769333266,small
poecile rufescens_chestnut-backed chickadee,chestnut-backed chickadee,poecile rufescens,Paridae,Passeriformes,Omnivore,Invertivore,Insessorial,1,1,9.4,17.8,60,Invertebrate,9.39,foliage gleaner,cavity,cavity_primary,lc,old forest,112.14366957122121,all,cavity,cavity_p,invertivore,insessorial,foliage gleaner,resident,old forest,TODO,lc,112.14366957122121,66.16241285220471,190.08077370141092,very small
spizella passerina_chipping sparrow,chipping sparrow,spizella passerina,Passerellidae,Passeriformes,Omnivore,Omnivore,Generalist,2,3,12.2,24.2,40,PlantSeed,12.2,ground forager,NA,NA,NA,NA,131.61352043621298,all,other,other,omnivore,generalist,ground forager,migrant,NA,TODO,NA,131.61352043621298,80.52087338471948,215.12581810744103,very small
nucifraga columbiana_clark's nutcracker,clark's nutcracker,nucifraga columbiana,Corvidae,Passeriformes,Omnivore,Omnivore,Insessorial,1,2,129.8,32.2,20,Omnivore,129.81,foliage gleaner,tree,tree,lc,NA,562.1317329934351,all,tree,tree,omnivore,insessorial,foliage gleaner,partial migrant,NA,TODO,lc,562.1317329934351,384.2799098785517,822.2966569812851,large
petrochelidon pyrrhonota_cliff swallow,cliff swallow,petrochelidon pyrrhonota,Hirundinidae,Passeriformes,Carnivore,Invertivore,Aerial,3,3,21.6,49,100,Invertebrate,21.6,aerial forager,cliff,cliff,lc,NA,186.91021674595572,all,other,cliff,invertivore,aerial,aerial forager,migrant,NA,TODO,lc,186.91021674595572,122.48340465453936,285.2258166937345,small
mergus merganser_common merganser,common merganser,mergus merganser,Anatidae,Anseriformes,Carnivore,Aquatic predator,Aquatic,3,3,1451,46,10,VertFishScav,1451.02,surface dive,NA,NA,NA,NA,2474.9324624988667,all,other,other,aquatic predator,aquatic,aquatic forager,migrant,NA,TODO,NA,2474.9324624988667,1229.2161808151527,4983.0866120463315,large
chordeiles minor_common nighthawk,common nighthawk,chordeiles minor,Caprimulgidae,Caprimulgiformes,Carnivore,Invertivore,Aerial,3,3,79.3,60.7,100,Invertebrate,79.3,aerial forager,ground,ground,cbsd,NA,415.37342194465236,all,ground,ground,invertivore,aerial,aerial forager,migrant,NA,TODO,cbsd,415.37342194465236,289.89710439535196,595.1597206114644,medium
corvus corax_common raven,common raven,corvus corax,Corvidae,Passeriformes,Omnivore,Omnivore,Terrestrial,3,2,928,39.8,10,VertFishScav,927.97,ground forager,tree,tree,lc,NA,1670,all,tree,tree,omnivore,terrestrial,ground forager,partial migrant,NA,TODO,lc,NA,NA,NA,large
geothlypis trichas_common yellowthroat,common yellowthroat,geothlypis trichas,Parulidae,Passeriformes,Carnivore,Invertivore,Insessorial,1,3,9.5,16.1,100,Invertebrate,9.54,foliage gleaner,NA,NA,NA,NA,112.87469964096448,all,other,other,invertivore,insessorial,foliage gleaner,migrant,NA,TODO,NA,112.87469964096448,66.69513188058433,191.02890210712516,very small
accipiter cooperii_cooper's hawk,cooper's hawk,accipiter cooperii,Accipitridae,Accipitriformes,Carnivore,Vertivore,Aerial,2,3,429.7,32.3,0,VertFishScav,429.67,aerial forager,tree,tree,lc,NA,1172.3491650250216,all,tree,tree,vertivore,aerial,aerial forager,migrant,NA,TODO,lc,1172.3491650250216,704.2300323102171,1951.6386715661024,large
junco hyemalis_dark-eyed junco,dark-eyed junco,junco hyemalis,Passerellidae,Passeriformes,Herbivore,Granivore,Generalist,2,3,19.5,21.9,30,PlantSeed,19.5,ground forager,ground,ground,lc,NA,183,all,ground,ground,granivore,generalist,ground forager,migrant,NA,TODO,lc,NA,NA,NA,small
dryobates pubescens_downy woodpecker,downy woodpecker,dryobates pubescens,Picidae,Piciformes,Carnivore,Invertivore,Insessorial,2,1,25.6,27,80,Invertebrate,25.55,bark forager,cavity,cavity_primary,lc,NA,207.46203308976885,all,cavity,cavity_p,invertivore,insessorial,bark forager,resident,NA,TODO,lc,207.46203308976885,138.23928044708376,311.3477951747275,small
streptopelia decaocto_eurasian collared-dove,eurasian collared-dove,streptopelia decaocto,Columbidae,Columbiformes,Herbivore,Omnivore,Terrestrial,3,1,149,36.1,10,PlantSeed,148.96,ground forager,tree,tree,lc,NA,611.8211734,all,tree,tree,omnivore,terrestrial,ground forager,resident,NA,TODO,lc,611.8211734,414.1227345221601,903.8990547071322,large
sturnus vulgaris_european starling,european starling,sturnus vulgaris,Sturnidae,Passeriformes,Omnivore,Omnivore,Insessorial,3,2,77.1,38.4,20,Omnivore,77.14,ground forager,NA,NA,NA,NA,408.25941996543423,all,other,other,omnivore,insessorial,ground forager,partial migrant,NA,TODO,NA,408.25941996543423,285.0555102,584.7133208516598,medium
coccothraustes vespertinus_evening grosbeak,evening grosbeak,coccothraustes vespertinus,Fringillidae,Passeriformes,Herbivore,Omnivore,Insessorial,1,2,57.3,34.2,10,PlantSeed,57.3,ground forager,tree,tree,tpoa,NA,340.24384209390865,all,tree,tree,omnivore,insessorial,ground forager,partial migrant,NA,TODO,tpoa,340.24384209390865,237.42447290008602,487.59030890443097,medium
passerella iliaca_fox sparrow,fox sparrow,passerella iliaca,Passerellidae,Passeriformes,Omnivore,Omnivore,Generalist,1,3,33.3,26.1,40,Omnivore,33.25,ground forager,NA,NA,NA,NA,243.81553316163894,all,other,other,omnivore,generalist,ground forager,migrant,NA,TODO,NA,243.81553316163894,166.00053010761323,358.1073757557109,medium
aquila chrysaetos_golden eagle,golden eagle,aquila chrysaetos,Accipitridae,Accipitriformes,Carnivore,Vertivore,Aerial,3,2,4248,36.7,0,VertFishScav,4247.97,NA,NA,NA,NA,NA,4786.413799090837,all,other,other,vertivore,aerial,NA,partial migrant,NA,TODO,NA,4786.413799090837,1970.6502645003068,11625.480923139019,large
regulus satrapa_golden-crowned kinglet,golden-crowned kinglet,regulus satrapa,Regulidae,Passeriformes,Carnivore,Invertivore,Insessorial,1,3,6.2,23.6,100,Invertebrate,6.19,foliage gleaner,tree,tree,cbsd,old forest,86.85616880937829,all,tree,tree,invertivore,insessorial,foliage gleaner,migrant,old forest,TODO,cbsd,86.85616880937829,48.136956355192574,156.71938218481571,very small
zonotrichia atricapilla_golden-crowned sparrow,golden-crowned sparrow,zonotrichia atricapilla,Passerellidae,Passeriformes,Herbivore,Omnivore,Generalist,2,3,32,22.9,10,PlantSeed,31.99,ground forager,ground,ground,lc,NA,237.92632572305976,all,ground,ground,omnivore,generalist,ground forager,migrant,NA,TODO,lc,237.92632572305976,161.52215355655966,350.47165497488845,medium
bubo virginianus_great horned owl,great horned owl,bubo virginianus,Strigidae,Strigiformes,Carnivore,Vertivore,Insessorial,2,1,1354.5,32,10,VertFishScav,1575.7,aerial dive,tree,tree,lc,NA,2372.528986412595,all,tree,tree,vertivore,insessorial,aerial forager,resident,NA,TODO,lc,2372.528986412595,1192.0582839030312,4721.995448861682,large
dryobates villosus_hairy woodpecker,hairy woodpecker,dryobates villosus,Picidae,Piciformes,Carnivore,Invertivore,Insessorial,1,1,62.7,25.3,70,Invertebrate,62.65,bark forager,cavity,cavity_primary,lc,NA,195,all,cavity,cavity_p,invertivore,insessorial,bark forager,resident,NA,TODO,lc,NA,NA,NA,small
empidonax hammondii_hammond's flycatcher,hammond's flycatcher,empidonax hammondii,Tyrannidae,Passeriformes,Carnivore,Invertivore,Insessorial,1,3,10.4,23.1,100,Invertebrate,10.44,flycatching,tree,tree,lc,old forest,119.32549339147359,all,tree,tree,invertivore,insessorial,aerial forager,migrant,old forest,TODO,lc,119.32549339147359,71.41926132790893,199.36601287073964,very small
catharus guttatus_hermit thrush,hermit thrush,catharus guttatus,Turdidae,Passeriformes,Omnivore,Invertivore,Generalist,1,3,30.1,26.9,80,Invertebrate,30.1,ground forager,ground,ground,lc,old forest,229.15003724544417,all,ground,ground,invertivore,generalist,ground forager,migrant,old forest,TODO,lc,229.15003724544417,154.83222053624317,339.13961440149313,small
setophaga occidentalis_hermit warbler,hermit warbler,setophaga occidentalis,Parulidae,Passeriformes,Carnivore,Invertivore,Insessorial,1,3,10.4,26.9,100,Invertebrate,10.4,NA,NA,NA,NA,NA,119.32549339147359,all,other,other,invertivore,insessorial,NA,migrant,NA,TODO,NA,119.32549339147359,71.41926132790893,199.36601287073964,very small
eremophila alpestris_horned lark,horned lark,eremophila alpestris,Alaudidae,Passeriformes,Omnivore,Omnivore,Terrestrial,3,3,33.3,38.6,50,Omnivore,33.33,NA,NA,NA,NA,NA,243.81553316163894,all,other,other,omnivore,terrestrial,NA,migrant,NA,TODO,NA,243.81553316163894,166.00053010761323,358.1073757557109,medium
haemorhous mexicanus_house finch,house finch,haemorhous mexicanus,Fringillidae,Passeriformes,Herbivore,Granivore,Insessorial,2,2,21.4,27.5,10,PlantSeed,21.4,ground forager,NA,NA,NA,NA,185.8456704570802,all,other,other,granivore,insessorial,ground forager,partial migrant,NA,TODO,NA,185.8456704570802,121.66765620178606,283.8767040137544,small
passer domesticus_house sparrow,house sparrow,passer domesticus,Passeridae,Passeriformes,Herbivore,Granivore,Terrestrial,3,1,26.5,27.3,10,PlantSeed,26.51,ground forager,NA,NA,NA,NA,211.91047792404507,all,other,other,granivore,terrestrial,ground forager,resident,NA,TODO,NA,211.91047792404507,141.64772592713837,317.0262731721951,small
troglodytes aedon_house wren,house wren,troglodytes aedon,Troglodytidae,Passeriformes,Carnivore,Invertivore,Insessorial,3,1,10.9,12.9,80,Invertebrate,10.85,foliage gleaner,NA,NA,NA,NA,122.81597885125754,all,other,other,invertivore,insessorial,foliage gleaner,resident,NA,TODO,NA,122.81597885125754,73.99179347255323,203.85726515451697,very small
vireo huttoni_hutton's vireo,hutton's vireo,vireo huttoni,Vireonidae,Passeriformes,Carnivore,Invertivore,Insessorial,1,1,11.3,17,70,Invertebrate,NA,foliage gleaner,tree,tree,lc,NA,125.56405990299146,all,tree,tree,invertivore,insessorial,foliage gleaner,resident,NA,TODO,lc,125.56405990299146,76.02461085916146,207.38459508237105,very small
melospiza lincolnii_lincoln's sparrow,lincoln's sparrow,melospiza lincolnii,Passerellidae,Passeriformes,Omnivore,Omnivore,Generalist,2,3,16.6,22.3,50,Omnivore,16.6,ground forager,NA,NA,NA,NA,159.00965016491605,all,other,other,omnivore,generalist,ground forager,migrant,NA,TODO,NA,159.00965016491605,101.16940687985212,249.91812866508275,small
geothlypis tolmiei_macgillivray's warbler,macgillivray's warbler,geothlypis tolmiei,Parulidae,Passeriformes,Carnivore,Invertivore,Generalist,1,3,10.4,22.9,100,Invertebrate,10.4,foliage gleaner,shrub,shrub,lc,both,119.32549339147359,all,shrub,shrub,invertivore,generalist,foliage gleaner,migrant,both,TODO,lc,119.32549339147359,71.41926132790893,199.36601287073964,very small
brachyramphus marmoratus_marbled murrelet,marbled murrelet,brachyramphus marmoratus,Alcidae,Charadriiformes,Carnivore,Aquatic predator,Aquatic,3,3,220,58.4,70,Invertebrate,220,surface dive,tree,tree,tpya,mature,777.2086335410496,all,tree,tree,aquatic predator,aquatic,aquatic forager,migrant,mature,TODO,tpya,777.2086335410496,507.41068688520716,1190.4622343663843,large
falco columbarius_merlin,merlin,falco columbarius,Falconidae,Falconiformes,Carnivore,Vertivore,Aerial,3,3,188.5,48.9,20,VertFishScav,188.5,aerial forager,tree,tree,lc,NA,706.8552469817062,all,tree,tree,vertivore,aerial,aerial forager,migrant,NA,TODO,lc,706.8552469817062,468.75376155256805,1065.899372264635,large
zenaida macroura_mourning dove,mourning dove,zenaida macroura,Columbidae,Columbiformes,Herbivore,Granivore,Terrestrial,3,1,118.9,36.6,0,PlantSeed,118.93,ground forager,tree,tree,lc,NA,532.6582520859985,all,tree,tree,granivore,terrestrial,ground forager,resident,NA,TODO,lc,532.6582520859985,366.1112620452788,774.9688221287807,medium
colaptes auratus_northern flicker,northern flicker,colaptes auratus,Picidae,Piciformes,Carnivore,Invertivore,Generalist,2,2,131.5,24.3,70,Invertebrate,131.46,ground forager,cavity,cavity_primary,lc,NA,227,all,cavity,cavity_p,invertivore,generalist,ground forager,partial migrant,NA,TODO,lc,NA,NA,NA,small
accipiter gentilis_northern goshawk,northern goshawk,accipiter gentilis,Accipitridae,Accipitriformes,Carnivore,Vertivore,Generalist,1,2,866,36.3,0,VertFishScav,866.04,aerial dive,tree,tree,lc,mature,3520,all,tree,tree,vertivore,generalist,aerial forager,partial migrant,mature,TODO,lc,NA,NA,NA,large
mimus polyglottos_northern mockingbird,northern mockingbird,mimus polyglottos,Mimidae,Passeriformes,Omnivore,Omnivore,Generalist,2,3,48.5,20.6,50,Omnivore,48.5,NA,NA,NA,NA,NA,307.1340215618864,all,other,other,omnivore,generalist,NA,migrant,NA,TODO,NA,307.1340215618864,213.3710118064919,442.09991976945406,medium
glaucidium gnoma_northern pygmy-owl,northern pygmy-owl,glaucidium gnoma,Strigidae,Strigiformes,Carnivore,Invertivore,Insessorial,2,1,61.3,23.3,60,Invertebrate,61.25,aerial forager,cavity,cavity_secondary,lc,NA,1207,all,cavity,cavity_s,invertivore,insessorial,aerial forager,resident,NA,TODO,lc,NA,NA,NA,large
stelgidopteryx serripennis_northern rough-winged swallow,northern rough-winged swallow,stelgidopteryx serripennis,Hirundinidae,Passeriformes,Carnivore,Invertivore,Aerial,3,3,15.7,50.7,100,Invertebrate,15.69,aerial forager,burrow,burrow,lc,NA,153.6594317423001,all,other,burrow,invertivore,aerial,aerial forager,migrant,NA,TODO,lc,153.6594317423001,97.10754053041745,243.14508260015833,small
aegolius acadicus_northern saw-whet owl,northern saw-whet owl,aegolius acadicus,Strigidae,Strigiformes,Carnivore,Vertivore,Insessorial,2,3,100.7,29.8,20,VertFishScav,100.69,aerial dive,cavity,cavity_secondary,lc,NA,359,all,cavity,cavity_s,vertivore,insessorial,aerial forager,migrant,NA,TODO,lc,NA,NA,NA,medium
contopus cooperi_olive-sided flycatcher,olive-sided flycatcher,contopus cooperi,Tyrannidae,Passeriformes,Carnivore,Invertivore,Insessorial,1,3,32.1,37.9,100,Invertebrate,32.1,flycatching,tree,tree,tpya,both,238.38258051631988,all,tree,tree,invertivore,insessorial,aerial forager,migrant,both,TODO,tpya,238.38258051631988,161.86943632702693,351.06228811974677,medium
leiothlypis celata_orange-crowned warbler,orange-crowned warbler,leiothlypis celata,Parulidae,Passeriformes,Carnivore,Invertivore,Insessorial,1,3,9.2,23,70,Invertebrate,9.19,foliage gleaner,ground,ground,lc,early seral,80,all,ground,ground,invertivore,insessorial,foliage gleaner,migrant,early seral,TODO,lc,NA,NA,NA,very small
pandion haliaetus_osprey,osprey,pandion haliaetus,Pandionidae,Accipitriformes,Carnivore,Aquatic predator,Aerial,3,3,1483.2,44.9,0,VertFishScav,1483.2,aerial dive,tree,tree,lc,NA,2508.5126601931056,all,tree,tree,aquatic predator,aerial,aerial forager,migrant,NA,TODO,lc,2508.5126601931056,1241.2908233958387,5069.429055420003,large
troglodytes pacificus_pacific wren,pacific wren,troglodytes pacificus,Troglodytidae,Passeriformes,Carnivore,Invertivore,Insessorial,1,3,9.4,19,60,Invertebrate,9.74,ground forager,cavity,cavity_secondary,lc,mature,62,all,cavity,cavity_s,invertivore,insessorial,ground forager,migrant,mature,TODO,lc,NA,NA,NA,very small
empidonax difficilis_pacific-slope flycatcher,pacific-slope flycatcher,empidonax difficilis,Tyrannidae,Passeriformes,Carnivore,Invertivore,Insessorial,1,3,10.7,21.8,90,Invertebrate,10.7,flycatching,tree,tree,NA,mature,121.42735937641486,all,tree,tree,invertivore,insessorial,aerial forager,migrant,mature,TODO,NA,121.42735937641486,72.96706175661663,202.07204799214725,very small
falco peregrinus_peregrine falcon,peregrine falcon,falco peregrinus,Falconidae,Falconiformes,Carnivore,Vertivore,Aerial,3,2,760,52.2,10,VertFishScav,759.95,NA,NA,NA,NA,NA,1663.8564699754495,all,other,other,vertivore,aerial,NA,partial migrant,NA,TODO,NA,1663.8564699754495,918.2444249794418,3014.9035239077493,large
dryocopus pileatus_pileated woodpecker,pileated woodpecker,dryocopus pileatus,Picidae,Piciformes,Carnivore,Invertivore,Insessorial,1,1,286.6,25.3,70,Invertebrate,286.59,bark forager,cavity,cavity_primary,lc,mature,761,all,cavity,cavity_p,invertivore,insessorial,bark forager,resident,mature,TODO,lc,NA,NA,NA,large
pinicola enucleator_pine grosbeak,pine grosbeak,pinicola enucleator,Fringillidae,Passeriformes,Herbivore,Omnivore,Insessorial,1,2,56.4,29.4,20,PlantSeed,56.4,foliage gleaner,tree,tree,cbsd,NA,336.95245608341446,all,tree,tree,omnivore,insessorial,foliage gleaner,partial migrant,NA,TODO,cbsd,336.95245608341446,235.05808956670532,483.0165933447934,medium
spinus pinus_pine siskin,pine siskin,spinus pinus,Fringillidae,Passeriformes,Herbivore,Granivore,Insessorial,1,1,12.7,35.2,10,PlantSeed,12.7,foliage gleaner,tree,tree,cbsd,NA,134.89978459521745,all,tree,tree,granivore,insessorial,foliage gleaner,resident,NA,TODO,cbsd,134.89978459521745,82.97472739746469,219.31921266416967,small
haemorhous purpureus_purple finch,purple finch,haemorhous purpureus,Fringillidae,Passeriformes,Herbivore,Omnivore,Insessorial,2,2,23.3,28.1,10,PlantSeed,23.3,foliage gleaner,tree,tree,lc,NA,195.8102192806518,all,tree,tree,omnivore,insessorial,foliage gleaner,partial migrant,NA,TODO,lc,195.8102192806518,129.30620583921132,296.5181889445717,small
loxia curvirostra_red crossbill,red crossbill,loxia curvirostra,Fringillidae,Passeriformes,Herbivore,Granivore,Insessorial,1,2,38.3,37.6,20,PlantSeed,38.29,foliage gleaner,tree,tree,lc,NA,265.68397523179254,all,tree,tree,granivore,insessorial,foliage gleaner,partial migrant,NA,TODO,lc,265.68397523179254,182.53714358847705,386.70471832355184,medium
sitta canadensis_red-breasted nuthatch,red-breasted nuthatch,sitta canadensis,Sittidae,Passeriformes,Omnivore,Omnivore,Insessorial,1,3,9.8,26.2,50,Omnivore,NA,bark forager,cavity,cavity_primary,lc,NA,97,all,cavity,cavity_p,omnivore,insessorial,bark forager,migrant,NA,TODO,lc,NA,NA,NA,very small
sphyrapicus ruber_red-breasted sapsucker,red-breasted sapsucker,sphyrapicus ruber,Picidae,Piciformes,Carnivore,Invertivore,Insessorial,2,2,54.8,30.4,70,Invertebrate,54.79,bark forager,cavity,cavity_primary,lc,mature,331.0505966296672,all,cavity,cavity_p,invertivore,insessorial,bark forager,partial migrant,mature,TODO,lc,331.0505966296672,230.8009791599186,474.84416196051836,medium
vireo olivaceus_red-eyed vireo,red-eyed vireo,vireo olivaceus,Vireonidae,Passeriformes,Omnivore,Invertivore,Insessorial,1,3,16.1,29.8,60,Invertebrate,16.06,foliage gleaner,NA,NA,NA,NA,156.05153694732508,all,other,other,invertivore,insessorial,foliage gleaner,migrant,NA,TODO,NA,156.05153694732508,98.92221490411634,246.1740490467832,small
buteo jamaicensis_red-tailed hawk,red-tailed hawk,buteo jamaicensis,Accipitridae,Accipitriformes,Carnivore,Vertivore,Insessorial,2,3,1101.2,34.1,10,VertFishScav,1101.16,soaring,tree,tree,lc,NA,2089.315491638235,all,tree,tree,vertivore,insessorial,aerial forager,migrant,NA,TODO,lc,2089.315491638235,1086.4259996960043,4017.981183091134,large
agelaius phoeniceus_red-winged blackbird,red-winged blackbird,agelaius phoeniceus,Icteridae,Passeriformes,Herbivore,Granivore,Generalist,3,3,50.8,24,50,Omnivore,50.78,ground forager,NA,NA,NA,NA,315.99706641185253,all,other,other,granivore,generalist,ground forager,migrant,NA,TODO,NA,315.99706641185253,219.86307574652793,454.1651463841747,medium
corthylio calendula_ruby-crowned kinglet,ruby-crowned kinglet,corthylio calendula,Regulidae,Passeriformes,Carnivore,Invertivore,Insessorial,1,3,6.2,22,80,Invertebrate,6.19,foliage gleaner,tree,tree,lc,NA,86.85616880937829,all,tree,tree,invertivore,insessorial,foliage gleaner,migrant,NA,TODO,lc,86.85616880937829,48.136956355192574,156.71938218481571,very small
bonasa umbellus_ruffed grouse,ruffed grouse,bonasa umbellus,Phasianidae,Galliformes,Herbivore,Herbivore terrestrial,Generalist,1,1,530.9,38.3,10,PlantSeed,530.91,foliage gleaner,ground,ground,lc,NA,1334.911045,all,ground,ground,herbivore terrestrial,generalist,foliage gleaner,resident,NA,TODO,lc,1334.911045,777.9562494,2290.6011740530184,large
selasphorus rufus_rufous hummingbird,rufous hummingbird,selasphorus rufus,Trochilidae,Caprimulgiformes,Herbivore,Nectarivore,Aerial,2,1,3.5,67,10,FruiNect,3.5,hovering,tree,tree,tpoa,early seral,61.14023168310008,all,tree,tree,nectarivore,aerial,aerial forager,resident,early seral,TODO,tpoa,61.14023168310008,30.89014797,121.0135974060601,very small
passerculus sandwichensis_savannah sparrow,savannah sparrow,passerculus sandwichensis,Passerellidae,Passeriformes,Omnivore,Omnivore,Generalist,3,3,20,24.1,40,Omnivore,19.97,ground forager,NA,NA,NA,NA,178.2832197983463,all,other,other,omnivore,generalist,ground forager,migrant,NA,TODO,NA,178.2832197983463,115.8763888609023,274.30011216366063,small
accipiter striatus_sharp-shinned hawk,sharp-shinned hawk,accipiter striatus,Accipitridae,Accipitriformes,Carnivore,Vertivore,Aerial,1,3,130.6,30.7,0,VertFishScav,130.59,aerial dive,tree,tree,lc,NA,564.2565156710244,all,tree,tree,vertivore,aerial,aerial forager,migrant,NA,TODO,lc,564.2565156710244,385.57582804779247,825.7400809828276,large
asio flammeus_short-eared owl,short-eared owl,asio flammeus,Strigidae,Strigiformes,Carnivore,Vertivore,Aerial,3,3,322.6,47.5,0,VertFishScav,322.61,NA,NA,NA,NA,NA,983.1322235462524,all,other,other,vertivore,aerial,NA,migrant,NA,TODO,NA,983.1322235462524,613.6426583,1575.100681023584,large
melospiza melodia_song sparrow,song sparrow,melospiza melodia,Passerellidae,Passeriformes,Omnivore,Omnivore,Generalist,2,2,21.9,20.1,40,Omnivore,21.91,ground forager,shrub,shrub,lc,NA,108,all,shrub,shrub,omnivore,generalist,ground forager,partial migrant,NA,TODO,lc,NA,NA,NA,very small
dendragapus fuliginosus_sooty grouse,sooty grouse,dendragapus fuliginosus,Phasianidae,Galliformes,Herbivore,Herbivore terrestrial,Generalist,2,1,1047.3,39.9,0,PlantSeed,1047.31,ground forager,ground,ground,lc,NA,450,all,ground,ground,herbivore terrestrial,generalist,ground forager,resident,NA,TODO,lc,NA,NA,NA,medium
strix occidentalis_spotted owl,spotted owl,strix occidentalis,Strigidae,Strigiformes,Carnivore,Vertivore,Insessorial,1,1,586.4,33,10,VertFishScav,586.37,NA,NA,NA,NA,NA,1418.9467730879228,all,other,other,vertivore,insessorial,NA,resident,NA,TODO,NA,1418.9467730879228,814.8297274026312,2470.957891134652,large
pipilo maculatus_spotted towhee,spotted towhee,pipilo maculatus,Passerellidae,Passeriformes,Omnivore,Omnivore,Generalist,2,2,39.3,13.7,50,Omnivore,39.28,ground forager,ground,ground,lc,early seral,269.9221153525611,all,ground,ground,omnivore,generalist,ground forager,partial migrant,early seral,TODO,lc,269.9221153525611,185.72264031431652,392.2943817355638,medium
cyanocitta stelleri_steller's jay,steller's jay,cyanocitta stelleri,Corvidae,Passeriformes,Omnivore,Omnivore,Insessorial,1,1,128,13.7,20,Omnivore,128,ground forager,tree,tree,lc,NA,557.3324017991301,all,tree,tree,omnivore,insessorial,ground forager,resident,NA,TODO,lc,557.3324017991301,381.34601038625885,814.5343012257189,medium
catharus ustulatus_swainson's thrush,swainson's thrush,catharus ustulatus,Turdidae,Passeriformes,Omnivore,Invertivore,Insessorial,1,3,30.3,31.8,60,Invertebrate,30.3,foliage gleaner,shrub,shrub,lc,NA,230.08373090280122,all,shrub,shrub,invertivore,insessorial,foliage gleaner,migrant,NA,TODO,lc,230.08373090280122,155.54478128344348,340.3426510959872,small
myadestes townsendi_townsend's solitaire,townsend's solitaire,myadestes townsendi,Turdidae,Passeriformes,Omnivore,Omnivore,Insessorial,2,2,33.2,29.9,50,Omnivore,33.2,flycatching,ground,ground,lc,NA,243.36570601389866,all,ground,ground,omnivore,insessorial,aerial forager,partial migrant,NA,TODO,lc,243.36570601389866,165.6587992910413,357.5232171011292,medium
setophaga townsendi_townsend's warbler,townsend's warbler,setophaga townsendi,Parulidae,Passeriformes,Carnivore,Invertivore,Insessorial,1,3,8.8,27.8,100,Invertebrate,8.84,foliage gleaner,tree,tree,lc,mature,107.69270620091872,all,tree,tree,invertivore,insessorial,foliage gleaner,migrant,mature,TODO,lc,107.69270620091872,62.931318449650256,184.29168901262472,very small
tachycineta bicolor_tree swallow,tree swallow,tachycineta bicolor,Hirundinidae,Passeriformes,Carnivore,Invertivore,Aerial,3,3,21.2,53,90,Invertebrate,21.2,aerial forager,cavity,cavity_secondary,lc,NA,184.77727695555282,all,cavity,cavity_s,invertivore,aerial,aerial forager,migrant,NA,TODO,lc,184.77727695555282,120.84906844416537,282.52300591695206,small
cathartes aura_turkey vulture,turkey vulture,cathartes aura,Cathartidae,Cathartiformes,Scavenger,Scavenger,Terrestrial,3,2,1518.2,26.9,0,VertFishScav,1518.24,soaring,NA,NA,NA,NA,2544.695291718339,all,other,other,scavenger,terrestrial,aerial forager,partial migrant,NA,TODO,NA,2544.695291718339,1254.242266650276,5162.857527507528,large
ixoreus naevius_varied thrush,varied thrush,ixoreus naevius,Turdidae,Passeriformes,Omnivore,Omnivore,Generalist,1,3,77.5,33.4,30,FruiNect,77.5,ground forager,tree,tree,lc,mature,409.55864491772587,all,tree,tree,omnivore,generalist,ground forager,migrant,mature,TODO,lc,409.55864491772587,285.94169169327836,586.6170919,medium
chaetura vauxi_vaux's swift,vaux's swift,chaetura vauxi,Apodidae,Caprimulgiformes,Carnivore,Invertivore,Aerial,1,3,17.1,69.2,100,Invertebrate,17.1,aerial forager,tree,tree,wl,mature,161.93356490461485,all,tree,tree,invertivore,aerial,aerial forager,migrant,mature,TODO,wl,161.93356490461485,103.39375536702082,253.6176324153636,small
tachycineta thalassina_violet-green swallow,violet-green swallow,tachycineta thalassina,Hirundinidae,Passeriformes,Carnivore,Invertivore,Aerial,3,3,14.1,54.5,100,Invertebrate,14.14,aerial forager,cavity,cavity_secondary,lc,early seral,143.84568268503753,all,cavity,cavity_s,invertivore,aerial,aerial forager,migrant,early seral,TODO,lc,143.84568268503753,89.69015257277951,230.7006938173533,small
vireo gilvus_warbling vireo,warbling vireo,vireo gilvus,Vireonidae,Passeriformes,Carnivore,Invertivore,Insessorial,1,3,12.7,23.5,80,Invertebrate,NA,foliage gleaner,tree,tree,NA,NA,37,all,tree,tree,invertivore,insessorial,foliage gleaner,migrant,NA,TODO,NA,NA,NA,NA,very small
sialia mexicana_western bluebird,western bluebird,sialia mexicana,Turdidae,Passeriformes,Omnivore,Omnivore,Insessorial,3,2,26.4,37.2,70,Invertebrate,26.44,flycatching,cavity,cavity_secondary,lc,early seral,211.41911788907137,all,cavity,cavity_s,omnivore,insessorial,aerial forager,partial migrant,early seral,TODO,lc,211.41911788907137,141.27133167408175,316.3985422896212,small
megascops kennicottii_western screech-owl,western screech-owl,megascops kennicottii,Strigidae,Strigiformes,Carnivore,Invertivore,Insessorial,2,1,141.8,27.1,50,Omnivore,141.82,aerial dive,cavity,cavity_secondary,lc,NA,593.4950361,all,cavity,cavity_s,invertivore,insessorial,aerial forager,resident,NA,TODO,lc,593.4950361,403.2266545715572,873.5443300878151,large
piranga ludoviciana_western tanager,western tanager,piranga ludoviciana,Cardinalidae,Passeriformes,Carnivore,Invertivore,Insessorial,1,3,28.1,28.6,80,Invertebrate,28.1,foliage gleaner,tree,tree,lc,NA,219.67742999145676,all,tree,tree,invertivore,insessorial,foliage gleaner,migrant,NA,TODO,lc,219.67742999145676,147.59354078196267,326.96670187581134,small
contopus sordidulus_western wood-pewee,western wood-pewee,contopus sordidulus,Tyrannidae,Passeriformes,Carnivore,Invertivore,Insessorial,1,3,13.1,33.5,90,Invertebrate,13.1,flycatching,tree,tree,lc,NA,137.4929729914291,all,tree,tree,invertivore,insessorial,aerial forager,migrant,NA,TODO,lc,137.4929729914291,84.91624139592334,222.6231085038275,small
zonotrichia leucophrys_white-crowned sparrow,white-crowned sparrow,zonotrichia leucophrys,Passerellidae,Passeriformes,Omnivore,Omnivore,Generalist,2,3,28,23.4,10,PlantSeed,28,ground forager,ground,ground,lc,NA,116,all,ground,ground,omnivore,generalist,ground forager,migrant,NA,TODO,lc,NA,NA,NA,very small
zonotrichia albicollis_white-throated sparrow,white-throated sparrow,zonotrichia albicollis,Passerellidae,Passeriformes,Herbivore,Omnivore,Terrestrial,2,3,24.4,19.7,20,PlantSeed,24.4,ground forager,ground,ground,lc,NA,201.43568197724917,all,ground,ground,omnivore,terrestrial,ground forager,migrant,NA,TODO,lc,201.43568197724917,133.61960307093017,303.67051720771894,small
empidonax traillii_willow flycatcher,willow flycatcher,empidonax traillii,Tyrannidae,Passeriformes,Carnivore,Invertivore,Insessorial,2,3,13.4,23.5,90,Invertebrate,13.39,flycatching,shrub,shrub,lc,early seral,139.41785193105753,all,shrub,shrub,invertivore,insessorial,aerial forager,migrant,early seral,TODO,lc,139.41785193105753,86.36018482994123,225.07290223319805,small
cardellina pusilla_wilson's warbler,wilson's warbler,cardellina pusilla,Parulidae,Passeriformes,Carnivore,Invertivore,Insessorial,1,3,7,20.7,80,Invertebrate,6.96,foliage gleaner,ground,ground,lc,both,139,all,ground,ground,invertivore,insessorial,foliage gleaner,migrant,both,TODO,lc,NA,NA,NA,small
setophaga petechia_yellow warbler,yellow warbler,setophaga petechia,Parulidae,Passeriformes,Carnivore,Invertivore,Insessorial,1,3,10.2,23.6,100,Invertebrate,10.22,foliage gleaner,shrub,shrub,NA,NA,24,all,shrub,shrub,invertivore,insessorial,foliage gleaner,migrant,NA,TODO,NA,NA,NA,NA,very small
setophaga coronata_yellow-rumped warbler,yellow-rumped warbler,setophaga coronata,Parulidae,Passeriformes,Carnivore,Invertivore,Insessorial,1,3,11.9,25.4,70,Invertebrate,11.94,foliage gleaner,NA,NA,NA,NA,129.61679518180162,all,other,other,invertivore,insessorial,foliage gleaner,migrant,NA,TODO,NA,129.61679518180162,79.03370741,212.57402876626526,very small
,allen's hummingbird,,,,,,,,,,,,,,,,,,,18,,,,,,,,,,,,,,
,gray-crowned rosy-finch,,,,,,,,,,,,,,,,,,,30,,,,,,,,,,,,,,
,mountain quail,,,,,,,,,,,,,,,,,,,100,,,,,,,,,,,,,,
,white-tailed ptarmigan,,,,,,,,,,,,,,,,,,,400,,,,,,,,,,,,,,
,wrentit,,,,,,,,,,,,,,,,,,,60,,,,,,,,,,,,,,