scientific_name,common_name,model,n_tp,n_tn,auc_pr,auc_roc,threshold,precision,recall,method
corvus brachyrhynchos,american crow,source,101,3538,0.972,0.999,0.87,1,0.505,probabilistic
spinus tristis,american goldfinch,source,105,3498,0.963,0.999,0.821,0.964,0.514,probabilistic
turdus migratorius,american robin,target,392,3295,0.934,0.984,0.467,0.995,0.518,probabilistic
haliaeetus leucocephalus,bald eagle,source,103,3508,0.993,1,0.758,1,0.816,precision
patagioenas fasciata,band-tailed pigeon,target,126,3430,0.965,0.994,0.957,0.988,0.635,probabilistic
hirundo rustica,barn swallow,source,113,3474,0.998,1,0.583,1,0.967,precision
strix varia,barred owl,target,145,3478,0.956,0.998,0.991,0.955,0.586,probabilistic
megaceryle alcyon,belted kingfisher,source,102,3574,0.958,0.998,0.982,0.984,0.598,probabilistic
pheucticus melanocephalus,black-headed grosbeak,source,104,3473,0.989,1,0.497,1,0.827,probabilistic
setophaga nigrescens,black-throated gray warbler,target,148,3404,0.962,0.998,0.507,0.99,0.649,probabilistic
certhia americana,brown creeper,source,171,3482,0.945,0.994,0.839,1,0.468,probabilistic
molothrus ater,brown-headed cowbird,source,23,3507,0.713,0.999,Inf,-,-,manual
perisoreus canadensis,canada jay,source,134,3497,0.975,1,0.436,1,0.724,probabilistic
bombycilla cedrorum,cedar waxwing,source,505,3478,0.996,1,0.586,0.995,0.867,probabilistic
poecile rufescens,chestnut-backed chickadee,source,109,3460,0.922,0.994,0.772,0.978,0.413,probabilistic
petrochelidon pyrrhonota,cliff swallow,source,3,3461,1,1,Inf,-,-,manual
chordeiles minor,common nighthawk,source,102,3462,0.998,1,0.814,0.989,0.902,probabilistic
corvus corax,common raven,target,148,3390,0.981,0.995,0.743,1,0.811,probabilistic
junco hyemalis,dark-eyed junco,target,111,3480,0.966,0.99,0.951,1,0.73,probabilistic
dryobates pubescens,downy woodpecker,source,40,3561,0.629,0.995,Inf,-,-,manual
streptopelia decaocto,eurasian collared-dove,source,39,3481,0.964,1,Inf,-,-,manual
coccothraustes vespertinus,evening grosbeak,source,106,3452,0.99,1,0.531,0.976,0.783,probabilistic
regulus satrapa,golden-crowned kinglet,target,322,3370,0.883,0.966,0.928,1,0.363,probabilistic
zonotrichia atricapilla,golden-crowned sparrow,source,102,3475,0.976,0.999,0.85,1,0.549,probabilistic
bubo virginianus,great horned owl,source,1,3517,0.002,0.94,Inf,-,-,manual
dryobates villosus,hairy woodpecker,target,106,3416,0.97,0.998,0.95,0.987,0.736,probabilistic
empidonax hammondii,hammond's flycatcher,source,106,3516,0.993,1,0.5,1,0.934,naive
catharus guttatus,hermit thrush,source,110,3512,0.959,0.997,0.734,0.976,0.373,probabilistic
vireo huttoni,hutton's vireo,target,130,3391,0.964,0.998,0.799,1,0.662,probabilistic
geothlypis tolmiei,macgillivray's warbler,source,88,3537,0.968,0.999,0.924,1,0.523,probabilistic
brachyramphus marmoratus,marbled murrelet,target,135,3539,1,1,Inf,-,-,manual
falco columbarius,merlin,source,8,3508,0.974,1,Inf,-,-,manual
colaptes auratus,northern flicker,target,106,3409,0.987,1,0.644,1,0.774,probabilistic
accipiter gentilis,northern goshawk,source,29,3522,0.797,0.998,Inf,-,-,manual
glaucidium gnoma,northern pygmy-owl,target,100,3497,0.968,0.999,0.7,0.955,0.64,probabilistic
stelgidopteryx serripennis,northern rough-winged swallow,source,42,3461,1,1,Inf,-,-,manual
aegolius acadicus,northern saw-whet owl,source,90,3503,0.969,0.999,0.976,0.983,0.633,probabilistic
contopus cooperi,olive-sided flycatcher,source,123,3507,0.994,1,0.597,0.99,0.837,probabilistic
leiothlypis celata,orange-crowned warbler,source,114,3494,0.913,0.979,0.86,0.933,0.368,probabilistic
pandion haliaetus,osprey,source,121,3469,1,1,0.585,1,1,precision
troglodytes pacificus,pacific wren,target,252,3308,0.974,0.997,0.795,1,0.683,probabilistic
empidonax difficilis,pacific-slope flycatcher,target,384,3306,0.898,0.974,0.907,0.993,0.367,probabilistic
dryocopus pileatus,pileated woodpecker,target,113,3475,0.991,1,0.949,0.978,0.788,probabilistic
spinus pinus,pine siskin,source,103,3473,0.968,0.999,0.608,0.983,0.573,probabilistic
haemorhous purpureus,purple finch,target,106,3460,0.989,0.999,0.942,1,0.811,probabilistic
loxia curvirostra,red crossbill,target,103,3425,0.982,0.999,0.958,1,0.718,probabilistic
sitta canadensis,red-breasted nuthatch,target,138,3514,0.988,0.999,0.966,0.991,0.768,probabilistic
buteo jamaicensis,red-tailed hawk,source,105,3580,0.899,0.998,0.926,1,0.379,probabilistic
corthylio calendula,ruby-crowned kinglet,source,105,3523,0.946,0.999,0.857,0.981,0.505,probabilistic
bonasa umbellus,ruffed grouse,source,75,3483,0.999,1,Inf,-,-,manual
selasphorus rufus,rufous hummingbird,target,123,3468,0.955,0.997,0.912,1,0.618,probabilistic
accipiter striatus,sharp-shinned hawk,source,117,3508,0.983,1,0.711,0.964,0.684,probabilistic
melospiza melodia,song sparrow,target,115,3457,0.956,0.999,0.924,0.978,0.774,probabilistic
dendragapus fuliginosus,sooty grouse,target,151,3455,0.755,0.949,0.987,0.973,0.238,probabilistic
pipilo maculatus,spotted towhee,target,103,3481,0.924,0.995,0.959,0.981,0.505,probabilistic
cyanocitta stelleri,steller's jay,source,102,3429,0.901,0.99,0.624,1,0.382,probabilistic
catharus ustulatus,swainson's thrush,target,118,3429,0.982,0.999,0.693,1,0.763,probabilistic
myadestes townsendi,townsend's solitaire,source,42,3520,0.982,1,Inf,-,-,manual
setophaga townsendi,townsend's warbler,target,119,3526,0.995,1,0.895,1,0.882,probabilistic
tachycineta bicolor,tree swallow,source,101,3500,0.989,1,0.833,1,0.723,probabilistic
ixoreus naevius,varied thrush,target,569,3262,0.9,0.961,0.847,1,0.439,probabilistic
chaetura vauxi,vaux's swift,source,105,3420,0.996,1,0.351,0.989,0.857,probabilistic
tachycineta thalassina,violet-green swallow,source,100,3494,0.995,1,0.787,0.989,0.88,probabilistic
vireo gilvus,warbling vireo,source,102,3480,0.988,1,0.518,0.988,0.804,probabilistic
sialia mexicana,western bluebird,source,10,3493,0.985,1,Inf,-,-,manual
megascops kennicottii,western screech-owl,source,93,3485,0.974,0.999,0.899,1,0.602,probabilistic
piranga ludoviciana,western tanager,target,116,3457,0.968,0.997,0.962,1,0.69,probabilistic
contopus sordidulus,western wood-pewee,source,103,3511,0.99,1,0.641,1,0.748,probabilistic
zonotrichia leucophrys,white-crowned sparrow,target,102,3529,0.99,0.998,0.729,1,0.941,probabilistic
empidonax traillii,willow flycatcher,source,102,3495,0.995,1,0.708,1,0.843,precision
cardellina pusilla,wilson's warbler,target,100,3485,0.944,0.998,0.942,0.938,0.6,probabilistic
setophaga petechia,yellow warbler,source,74,3480,1,1,Inf,-,-,manual
cinclus mexicanus,american dipper,source,0,3461,-,-,Inf,-,-,manual
falco sparverius,american kestrel,source,0,3493,-,-,Inf,-,-,manual
calypte anna,anna's hummingbird,source,0,3517,-,-,Inf,-,-,manual
tyto alba,barn owl,source,0,3461,-,-,Inf,-,-,manual
thryomanes bewickii,bewick's wren,source,0,3493,-,-,Inf,-,-,manual
cypseloides niger,black swift,source,0,3473,-,-,Inf,-,-,manual
poecile atricapillus,black-capped chickadee,source,0,3519,-,-,Inf,-,-,manual
vireo cassinii,cassin's vireo,source,0,3507,-,-,Inf,-,-,manual
spizella passerina,chipping sparrow,source,0,3492,-,-,Inf,-,-,manual
nucifraga columbiana,clark's nutcracker,source,0,3499,-,-,Inf,-,-,manual
mergus merganser,common merganser,source,0,3461,-,-,Inf,-,-,manual
geothlypis trichas,common yellowthroat,source,0,3492,-,-,Inf,-,-,manual
accipiter cooperii,cooper's hawk,source,0,3538,-,-,Inf,-,-,manual
sturnus vulgaris,european starling,source,0,3478,-,-,Inf,-,-,manual
passerella iliaca,fox sparrow,source,0,3526,-,-,Inf,-,-,manual
aquila chrysaetos,golden eagle,source,0,3466,-,-,Inf,-,-,manual
setophaga occidentalis,hermit warbler,source,0,3540,-,-,Inf,-,-,manual
eremophila alpestris,horned lark,source,0,3461,-,-,Inf,-,-,manual
haemorhous mexicanus,house finch,source,0,3502,-,-,Inf,-,-,manual
passer domesticus,house sparrow,source,0,3503,-,-,Inf,-,-,manual
troglodytes aedon,house wren,source,0,3496,-,-,Inf,-,-,manual
melospiza lincolnii,lincoln's sparrow,source,0,3519,-,-,Inf,-,-,manual
zenaida macroura,mourning dove,source,0,3481,-,-,Inf,-,-,manual
mimus polyglottos,northern mockingbird,source,0,3468,-,-,Inf,-,-,manual
falco peregrinus,peregrine falcon,source,0,3502,-,-,Inf,-,-,manual
pinicola enucleator,pine grosbeak,source,0,3492,-,-,Inf,-,-,manual
sphyrapicus ruber,red-breasted sapsucker,source,0,3487,-,-,Inf,-,-,manual
vireo olivaceus,red-eyed vireo,source,0,3496,-,-,Inf,-,-,manual
agelaius phoeniceus,red-winged blackbird,source,0,3482,-,-,Inf,-,-,manual
passerculus sandwichensis,savannah sparrow,source,0,3497,-,-,Inf,-,-,manual
asio flammeus,short-eared owl,source,0,3461,-,-,Inf,-,-,manual
strix occidentalis,spotted owl,source,0,3509,-,-,Inf,-,-,manual
cathartes aura,turkey vulture,source,0,3468,-,-,Inf,-,-,manual
zonotrichia albicollis,white-throated sparrow,source,0,3507,-,-,Inf,-,-,manual
setophaga coronata,yellow-rumped warbler,source,0,3535,-,-,Inf,-,-,manual